1,User 0
2,User 1
3,User 2
4,User 3
5,User 4
6,User 5
7,User 6
8,User 7
9,User 8
10,User 9
11,User 10
12,User 11
13,User 12
14,User 13
15,User 14
16,User 15
17,User 16
18,User 17
19,User 18
20,User 19
21,User 20
22,User 21
23,User 22
24,User 23
25,User 24
26,User 25
27,User 26
28,User 27
29,User 28
30,User 29
31,User 30
32,User 31
33,User 32
34,User 33
35,User 34
36,User 35
37,User 36
38,User 37
39,User 38
40,User 39
41,User 40
42,User 41
43,User 42
44,User 43
45,User 44
46,User 45
47,User 46
48,User 47
49,User 48
50,User 49
51,User 50
52,User 51
53,User 52
54,User 53
55,User 54
56,User 55
57,User 56
58,User 57
59,User 58
60,User 59
61,User 60
62,User 61
63,User 62
64,User 63
65,User 64
66,User 65
67,User 66
68,User 67
69,User 68
70,User 69
71,User 70
72,User 71
73,User 72
74,User 73
75,User 74
76,User 75
77,User 76
78,User 77
79,User 78
80,User 79
81,User 80
82,User 81
83,User 82
84,User 83
85,User 84
86,User 85
87,User 86
88,User 87
89,User 88
90,User 89
91,User 90
92,User 91
93,User 92
94,User 93
95,User 94
96,User 95
97,User 96
98,User 97
99,User 98
100,User 99
101,User 0
102,User 1
103,User 2
104,User 3
105,User 4
106,User 5
107,User 6
108,User 7
109,User 8
110,User 9
111,User 10
112,User 11
113,User 12
114,User 13
115,User 14
116,User 15
117,User 16
118,User 17
119,User 18
120,User 19
121,User 20
122,User 21
123,User 22
124,User 23
125,User 24
126,User 25
127,User 26
128,User 27
129,User 28
130,User 29
131,User 30
132,User 31
133,User 32
134,User 33
135,User 34
136,User 35
137,User 36
138,User 37
139,User 38
140,User 39
141,User 40
142,User 41
143,User 42
144,User 43
145,User 44
146,User 45
147,User 46
148,User 47
149,User 48
150,User 49
151,User 50
152,User 51
153,User 52
154,User 53
155,User 54
156,User 55
157,User 56
158,User 57
159,User 58
160,User 59
161,User 60
162,User 61
163,User 62
164,User 63
165,User 64
166,User 65
167,User 66
168,User 67
169,User 68
170,User 69
171,User 70
172,User 71
173,User 72
174,User 73
175,User 74
176,User 75
177,User 76
178,User 77
179,User 78
180,User 79
181,User 80
182,User 81
183,User 82
184,User 83
185,User 84
186,User 85
187,User 86
188,User 87
189,User 88
190,User 89
191,User 90
192,User 91
193,User 92
194,User 93
195,User 94
196,User 95
197,User 96
198,User 97
199,User 98
200,User 99
